{"a": {"a": 0.001661699138715155, "b": 0.021903140361234398, "c": 0.030499549286735126, "d": 0.04010625781791326, "e": 0.0028780466902872943, "f": 0.00886451496778806, "g": 0.025197691926239444, "h": 0.006274514443584361, "i": 0.04139128801811697, "j": 0.0019630165649698198, "k": 0.010581581183577509, "l": 0.12141543595114812, "m": 0.029090447205132427, "n": 0.21406168224721472, "o": 0.0017481063418323015, "p": 0.020451942462728474, "q": 0.000518465374395986, "r": 0.11537800957950134, "s": 0.08110315234303322, "t": 0.14744394421320547, "u": 0.0138517614861649, "v": 0.022253200312324375, "w": 0.009436131849947644, "x": 0.0014800224552380778, "y": 0.026369728091597662, "z": 0.004021280454606463}, "b": {"a": 0.08862689146140122, "b": 0.016862183732450946, "c": 0.0007176470772895028, "d": 0.0023993696455354863, "e": 0.28100474178495344, "f": 0.0002355532743923208, "g": 0.00030282217712216015, "h": 0.0011997408801866847, "i": 0.08830175843154034, "j": 0.010673444681305726, "k": 0.00021313030681570767, "l": 0.10792185506107681, "m": 0.002119082550827822, "n": 0.0008185504313842618, "o": 0.09378417400402224, "p": 0.0004037255312169191, "q": 1.1211483788306558e-07, "r": 0.0636252826134776, "s": 0.019384767584819922, "t": 0.010224985329773463, "u": 0.09968141447667149, "v": 0.00024676475818062734, "w": 0.0002916106933338536, "x": 1.1323598626189624e-05, "y": 0.10992871065918368, "z": 0.00011222695272094863}, "c": {"a": 0.12582783663797623, "b": 0.00017544448371792175, "c": 0.020800840636894462, "d": 0.0013271460262847521, "e": 0.17223497798262344, "f": 0.0010699131944424145, "g": 0.00028067609674433265, "h": 0.1397125633567388, "i": 0.06228548097219511, "j": 0.0008652961691132821, "k": 0.022636547664132964, "l": 0.034065870078945924, "m": 0.00044436971700763855, "n": 0.00025729129384957465, "o": 0.20786172519278723, "p": 0.0011225290009556198, "q": 0.0017071490733245693, "r": 0.035316957033815474, "s": 0.0034434706882603494, "t": 0.10696214690263023, "u": 0.04027453524750417, "v": 0.0001403672793757848, "w": 0.0010582207929950354, "x": 3.513566634937386e-05, "y": 0.019508830276959082, "z": 0.000508677924968223}, "d": {"a": 0.09397823704379539, "b": 0.006138632745866396, "c": 0.013409881188165843, "d": 0.017666667336547176, "e": 0.3032824023181763, "f": 0.004293416432619552, "g": 0.015647891073044443, "h": 0.005188620386570991, "i": 0.18452172267202668, "j": 0.00450351531977142, "k": 0.00040201965319798825, "l": 0.014076716786517425, "m": 0.011500721735351039, "n": 0.006047285403626453, "o": 0.0875930578212234, "p": 0.021156135810112994, "q": 0.00018278603182212555, "r": 0.03769913948976664, "s": 0.07062072163304202, "t": 0.0086872235943608, "u": 0.06099271176095205, "v": 0.004896308891403174, "w": 0.008942996152632639, "x": 9.226081566234223e-06, "y": 0.01750224212051528, "z": 0.0005299059323339081}, "e": {"a": 0.07490085722284776, "b": 0.005381137304273012, "c": 0.04464941642318442, "d": 0.09292418157854342, "e": 0.032141788343602866, "f": 0.01631107748505617, "g": 0.010590406009491885, "h": 0.0034142035721752666, "i": 0.01770656520656552, "j": 0.0008468374376476831, "k": 0.0022506069853974425, "l": 0.05549239742844326, "m": 0.0422704618356262, "n": 0.12354209318934495, "o": 0.008919547565488852, "p": 0.02165492586668173, "q": 0.004105736063249632, "r": 0.1995133557492003, "s": 0.13445754017420739, "t": 0.0402600485157663, "u": 0.005120259777700049, "v": 0.018559593309327906, "w": 0.00904791587221523, "x": 0.020785334111438514, "y": 0.01437727105792007, "z": 0.0007578078055632588}, "f": {"a": 0.08805894904772092, "b": 0.0007504839801366565, "c": 0.003904526126787916, "d": 0.002403812524752236, "e": 0.15155948307284084, "f": 0.06726516312120959, "g": 0.0030269902069534928, "h": 0.001729763195024346, "i": 0.13819295768521797, "j": 0.0005469973900301237, "k": 0.0002163316811070078, "l": 0.03150239490998644, "m": 0.004565857544634148, "n": 0.0008776630989532397, "o": 0.2781662958547492, "p": 0.002543709555450477, "q": 6.37167385271081e-05, "r": 0.12382171725894407, "s": 0.007529131013060533, "t": 0.04502153524018922, "u": 0.042198158802461076, "v": 0.0002544854167519827, "w": 0.001106585512823089, "x": 1.2717911881658305e-07, "y": 0.004286063483237665, "z": 0.0002290495929886661}, "g": {"a": 0.10862884256720504, "b": 0.0027555112069264556, "c": 0.0013778171076640879, "d": 0.028415063805688062, "e": 0.2237893082573326, "f": 0.0014024187880080587, "g": 0.008856727932231228, "h": 0.1290974406133888, "i": 0.07521976066009262, "j": 0.00022153813149745758, "k": 0.00046755493493716606, "l": 0.027603208354337022, "m": 0.0028170154077863828, "n": 0.042450322441923434, "o": 0.10437275186769808, "p": 0.0014516221486960005, "q": 8.622888960561785e-05, "r": 0.13817546066031403, "s": 0.027332589870553342, "t": 0.014970245497707986, "u": 0.05034746183233808, "v": 0.0001108305699495887, "w": 0.0016976389521357088, "x": 3.7025528917676135e-05, "y": 0.008081775001396146, "z": 0.0001108305699495887}, "h": {"a": 0.16684946680699494, "b": 0.0018194015858063425, "c": 0.001145245039914821, "d": 0.0012446399152706224, "e": 0.4955828917391881, "f": 0.001279212045829162, "g": 0.0003371214881089589, "h": 0.0005834479183385533, "i": 0.15023323655729687, "j": 5.1901411001007516e-05, "k": 0.00023772661275315766, "l": 0.0023163759625853485, "m": 0.0030553552532741318, "n": 0.0032887171345442738, "o": 0.08935171464370868, "p": 0.00032415693914950657, "q": 0.00031119239019005427, "r": 0.014956811198051376, "s": 0.012005215551616061, "t": 0.02789110954326499, "u": 0.01358256900834943, "v": 0.00011240263947845176, "w": 0.001551467573977661, "x": 4.321516319817445e-08, "y": 0.011114983189733668, "z": 5.622292732082496e-05}, "i": {"a": 0.03574932133865468, "b": 0.010146324544020069, "c": 0.07601245543753417, "d": 0.031215815856677896, "e": 0.0348912988802979, "f": 0.018719173576369874, "g": 0.031513296422469216, "h": 0.000604819785043985, "i": 0.0014530081751101404, "j": 0.0007105360191681725, "k": 0.004317180564753824, "l": 0.05977640868971709, "m": 0.039633778313450406, "n": 0.2310858783123539, "o": 0.10175558770531015, "p": 0.01248437428011547, "q": 0.0018734145945342347, "r": 0.036228732167822505, "s": 0.11391541314666437, "t": 0.11495536586839765, "u": 0.0013890867312210968, "v": 0.03144937497858017, "w": 0.00048681096555651995, "x": 0.001748030223828803, "y": 0.0007769159801298716, "z": 0.007060885617837387}, "j": {"a": 0.18720219029174967, "b": 9.323140033563304e-05, "c": 0.000924006254811571, "d": 0.002493247646599454, "e": 0.23077171599315444, "f": 0.00046246466899160544, "g": 9.323140033563304e-05, "h": 0.000924006254811571, "i": 0.04504738185920028, "j": 0.000924006254811571, "k": 0.0011086228891395572, "l": 0.0054471137958472336, "m": 0.0019393977436154954, "n": 0.0011086228891395572, "o": 0.18720219029174967, "p": 0.0013855478406315366, "q": 9.230831716399311e-07, "r": 0.0019393977436154954, "s": 0.0021240143779434817, "t": 0.00037015635182761236, "u": 0.32446465791460743, "v": 0.0006470813033195916, "w": 0.0006470813033195916, "x": 9.230831716399311e-07, "y": 0.0006470813033195916, "z": 0.00018553971749962612}, "k": {"a": 0.05366458806992387, "b": 0.0018871374943487472, "c": 0.002612820053221559, "d": 0.004681015346009072, "e": 0.29898157709687795, "f": 0.004209321682741745, "g": 0.01074046471259705, "h": 0.02968077949917744, "i": 0.18621050744804296, "j": 0.0004357723766031235, "k": 0.0023225470296724345, "l": 0.010377623433160645, "m": 0.13624726326964987, "n": 0.08007943321289424, "o": 0.04096514328964966, "p": 0.0014154438310814193, "q": 3.6284127943640595e-07, "r": 0.011103305992033458, "s": 0.05348316743020567, "t": 0.0042456058106853855, "u": 0.01433259337901747, "v": 0.0003994882486594829, "w": 0.03497826217894897, "x": 3.6284127943640595e-07, "y": 0.013534342564257376, "z": 0.00025435173688492053}, "l": {"a": 0.15596104928560778, "b": 0.001907113926816339, "c": 0.0025195653327806994, "d": 0.05449826636417874, "e": 0.20359781839829916, "f": 0.0137777167871337,